INSERT INTO kich_co ( ten_kich_co, trang_thai, ngay_tao, ngay_sua )
VALUES
    ( 'S', 1, '2023-11-23', '2023-11-23' ),
    ( 'M', 1, '2023-11-23', '2023-11-23' ),
    ( 'L', 1, '2023-11-23', '2023-11-23' ),
    ( 'XL', 1, '2023-11-23', '2023-11-23' ),
    ( 'XXL', 1, '2023-11-23', '2023-11-23' );

INSERT INTO mau_sac ( ten_mau_sac, trang_thai, ngay_tao, ngay_sua )
VALUES
    ( N'Đỏ', 1, '2023-11-23', '2023-11-23' ),
    ( N'Xanh', 1, '2023-11-23', '2023-11-23' ),
    ( N'Vàng', 1, '2023-11-23', '2023-11-23' ),
    ( N'Tím', 1, '2023-11-23', '2023-11-23' ),
    ( N'Đen', 1, '2023-11-23', '2023-11-23' );
INSERT INTO chat_lieu ( ten_chat_lieu, trang_thai, ngay_tao, ngay_sua )
VALUES
    ( N'Cotton', 1, '2023-11-23', '2023-11-23' ),
    ( N'Polyester', 1, '2023-11-23', '2023-11-23' ),
    ( N'Len', 1, '2023-11-23', '2023-11-23' ),
    ( N'Da', 1, '2023-11-23', '2023-11-23' ),
    ( N'Lụa', 1, '2023-11-23', '2023-11-23' );
INSERT INTO kieu_tay_ao ( ten_tay_ao, trang_thai, ngay_tao, ngay_sua )
VALUES
    ( N'Tay ngắn', 1, '2023-11-23', '2023-11-23' ),
    ( N'Tay dài', 1, '2023-11-23', '2023-11-23' ),
    ( N'Tay lỡ', 1, '2023-11-23', '2023-11-23' ),
    ( N'Tay cánh tiên', 1, '2023-11-23', '2023-11-23' ),
    ( N'Tay trùm', 1, '2023-11-23', '2023-11-23' );
INSERT INTO thuong_hieu ( ten_thuong_hieu, trang_thai, ngay_tao, ngay_sua )
VALUES
    ( N'Vietjet Collection', 1, '2023-11-23', '2023-11-23' ),
    ( N'Ivan Trần', 1, '2023-11-23', '2023-11-23' ),
    ( N'Lien Fashion', 1, '2023-11-23', '2023-11-23' ),
    ( N'Oh!Mia', 1, '2023-11-23', '2023-11-23' ),
    ( N'Thái Tuấn', 1, '2023-11-23', '2023-11-23' );
INSERT INTO kieu_co_ao ( ten_co_ao, trang_thai, ngay_tao, ngay_sua )
VALUES
    ( N'Cổ tròn', 1, '2023-11-23', '2023-11-23' ),
    ( N'Cổ trụ', 1, '2023-11-23', '2023-11-23' ),
    ( N'Cổ tim', 1, '2023-11-23', '2023-11-23' ),
    ( N'Cổ thuyền', 1, '2023-11-23', '2023-11-23' ),
    ( N'Cổ sơ mi', 1, '2023-11-23', '2023-11-23' );
INSERT INTO san_pham (ten_san_pham, anh_url, id_thuong_hieu, id_chat_lieu, id_tay_ao, id_co_ao, trang_thai, mo_ta, ngay_tao, ngay_sua)
VALUES
    (N'Áo Thun Classic', 'ao1.png', 1, 2, 3, 4, 1, N'Áo thun classic, chất liệu Polyester, tay lỡ, cổ thuyền', '2023-11-23', '2023-11-23'),
    (N'Áo Polo Sport', 'ao4.png', 2, 3, 4, 5, 1, N'Áo polo thể thao, chất liệu Len, tay cánh tiên, cổ sơ mi', '2023-11-23', '2023-11-23'),
    (N'Áo Thun Basic', 'ao7.png', 3, 4, 5, 1, 1, N'Áo thun cơ bản, chất liệu Da, tay trùm, cổ tròn', '2023-11-23', '2023-11-23'),
    (N'Áo Thun Fashion', 'ao10.png', 4, 5, 1, 2, 1, N'Áo thun thời trang, chất liệu Lụa, tay ngắn, cổ trụ', '2023-11-23', '2023-11-23'),
    (N'Áo Thun Modern', 'ao13.png', 5, 1, 2, 3, 1, N'Áo thun hiện đại, chất liệu Cotton, tay dài, cổ tim', '2023-11-23', '2023-11-23'),
    (N'Áo Thun Summer', 'ao16.png', 2, 4, 1, 5, 1, N'Áo thun mùa hè, chất liệu Da, tay ngắn, cổ sơ mi', '2023-11-23', '2023-11-23'),
    (N'Áo Thun Winter', 'ao19.png', 3, 5, 2, 1, 1, N'Áo thun mùa đông, chất liệu Lụa, tay dài, cổ tròn', '2023-11-23', '2023-11-23'),
    (N'Áo Thun Spring', 'ao22.png', 4, 1, 3, 2, 1, N'Áo thun mùa xuân, chất liệu Cotton, tay lỡ, cổ trụ', '2023-11-23', '2023-11-23'),
    (N'Áo Thun Autumn', 'ao25.png', 5, 2, 4, 3, 1, N'Áo thun mùa thu, chất liệu Polyester, tay cánh tiên, cổ tim', '2023-11-23', '2023-11-23'),
    (N'Áo Thun Casual', 'ao28.png', 1, 3, 5, 4, 1, N'Áo thun casual, chất liệu Len, tay trùm, cổ thuyền', '2023-11-23', '2023-11-23'),
    (N'Áo Thun Urban', 'ao1.png', 3, 1, 4, 2, 1, N'Áo thun đô thị, chất liệu Cotton, tay cánh tiên, cổ trụ', '2023-11-23', '2023-11-23'),
    (N'Áo Thun Street', 'ao4.png', 4, 2, 5, 3, 1, N'Áo thun đường phố, chất liệu Polyester, tay trùm, cổ tim', '2023-11-23', '2023-11-23'),
    (N'Áo Thun Vintage', 'ao7.png', 5, 3, 1, 4, 1, N'Áo thun cổ điển, chất liệu Len, tay ngắn, cổ thuyền', '2023-11-23', '2023-11-23'),
    (N'Áo Thun Retro', 'ao10.png', 1, 4, 2, 5, 1, N'Áo thun retro, chất liệu Da, tay dài, cổ sơ mi', '2023-11-23', '2023-11-23'),
    (N'Áo Thun Modern', 'ao13.png', 2, 5, 3, 1, 1, N'Áo thun hiện đại, chất liệu Lụa, tay lỡ, cổ tròn', '2023-11-23', '2023-11-23'),
    (N'Áo Thun Active', 'ao16.png', 4, 3, 2, 1, 1, N'Áo thun active, chất liệu Len, tay dài, cổ tròn', '2023-11-23', '2023-11-23'),
    (N'Áo Thun Sport', 'ao19.png', 5, 4, 3, 2, 1, N'Áo thun thể thao, chất liệu Da, tay lỡ, cổ trụ', '2023-11-23', '2023-11-23'),
    (N'Áo Thun Gym', 'ao22.png', 1, 5, 4, 3, 1, N'Áo thun gym, chất liệu Lụa, tay cánh tiên, cổ tim', '2023-11-23', '2023-11-23'),
    (N'Áo Thun Running', 'ao25.png', 2, 1, 5, 4, 1, N'Áo thun chạy bộ, chất liệu Cotton, tay trùm, cổ thuyền', '2023-11-23', '2023-11-23'),
    (N'Áo Thun Yoga', 'ao28.png', 3, 2, 1, 5, 1, N'Áo thun yoga, chất liệu Polyester, tay ngắn, cổ sơ mi', '2023-11-23', '2023-11-23');



INSERT INTO san_pham_chi_tiet (id_san_pham, id_kich_co, id_mau_sac, gia, so_luong, trang_thai, ngay_tao, ngay_sua)
VALUES
    -- Sản phẩm 1-5 (mỗi sản phẩm 3 biến thể)
    (1, 1, 1, 100000, 10, 1, '2023-11-23', '2023-11-23'),
    (1, 2, 2, 110000, 15, 1, '2023-11-23', '2023-11-23'),
    (1, 3, 3, 120000, 20, 1, '2023-11-23', '2023-11-23'),

    (2, 2, 3, 105000, 12, 1, '2023-11-23', '2023-11-23'),
    (2, 3, 4, 115000, 18, 1, '2023-11-23', '2023-11-23'),
    (2, 4, 5, 125000, 22, 1, '2023-11-23', '2023-11-23'),

    (3, 3, 4, 108000, 14, 1, '2023-11-23', '2023-11-23'),
    (3, 4, 5, 118000, 19, 1, '2023-11-23', '2023-11-23'),
    (3, 5, 1, 128000, 24, 1, '2023-11-23', '2023-11-23'),

    (4, 1, 2, 112000, 16, 1, '2023-11-23', '2023-11-23'),
    (4, 2, 3, 122000, 21, 1, '2023-11-23', '2023-11-23'),
    (4, 3, 4, 132000, 26, 1, '2023-11-23', '2023-11-23'),

    (5, 2, 3, 130000, 25, 1, '2023-11-23', '2023-11-23'),
    (5, 3, 4, 140000, 30, 1, '2023-11-23', '2023-11-23'),
    (5, 4, 5, 150000, 35, 1, '2023-11-23', '2023-11-23'),

    -- Sản phẩm 6-10 (mỗi sản phẩm 3 biến thể)
    (6, 3, 4, 135000, 20, 1, '2023-11-23', '2023-11-23'),
    (6, 4, 5, 145000, 25, 1, '2023-11-23', '2023-11-23'),
    (6, 5, 1, 155000, 30, 1, '2023-11-23', '2023-11-23'),

    (7, 1, 2, 140000, 15, 1, '2023-11-23', '2023-11-23'),
    (7, 2, 3, 150000, 20, 1, '2023-11-23', '2023-11-23'),
    (7, 3, 4, 160000, 25, 1, '2023-11-23', '2023-11-23'),

    (8, 2, 3, 165000, 22, 1, '2023-11-23', '2023-11-23'),
    (8, 3, 4, 175000, 27, 1, '2023-11-23', '2023-11-23'),
    (8, 4, 5, 185000, 32, 1, '2023-11-23', '2023-11-23'),

    (9, 3, 4, 170000, 18, 1, '2023-11-23', '2023-11-23'),
    (9, 4, 5, 180000, 23, 1, '2023-11-23', '2023-11-23'),
    (9, 5, 1, 190000, 28, 1, '2023-11-23', '2023-11-23'),

    (10, 1, 2, 175000, 20, 1, '2023-11-23', '2023-11-23'),
    (10, 2, 3, 185000, 25, 1, '2023-11-23', '2023-11-23'),
    (10, 3, 4, 195000, 30, 1, '2023-11-23', '2023-11-23'),

    -- Sản phẩm 11-15 (mỗi sản phẩm 3 biến thể)
    (11, 2, 3, 200000, 15, 1, '2023-11-23', '2023-11-23'),
    (11, 3, 4, 210000, 20, 1, '2023-11-23', '2023-11-23'),
    (11, 4, 5, 220000, 25, 1, '2023-11-23', '2023-11-23'),

    (12, 3, 4, 205000, 18, 1, '2023-11-23', '2023-11-23'),
    (12, 4, 5, 215000, 23, 1, '2023-11-23', '2023-11-23'),
    (12, 5, 1, 225000, 28, 1, '2023-11-23', '2023-11-23'),

    (13, 1, 2, 210000, 20, 1, '2023-11-23', '2023-11-23'),
    (13, 2, 3, 220000, 25, 1, '2023-11-23', '2023-11-23'),
    (13, 3, 4, 230000, 30, 1, '2023-11-23', '2023-11-23'),

    (14, 2, 3, 215000, 22, 1, '2023-11-23', '2023-11-23'),
    (14, 3, 4, 225000, 27, 1, '2023-11-23', '2023-11-23'),
    (14, 4, 5, 235000, 32, 1, '2023-11-23', '2023-11-23'),

    (15, 3, 4, 220000, 24, 1, '2023-11-23', '2023-11-23'),
    (15, 4, 5, 230000, 29, 1, '2023-11-23', '2023-11-23'),
    (15, 5, 1, 240000, 34, 1, '2023-11-23', '2023-11-23'),

    -- Sản phẩm 16-20 (tiếp theo)
    (16, 1, 2, 225000, 15, 1, '2023-11-23', '2023-11-23'),
    (16, 2, 3, 235000, 20, 1, '2023-11-23', '2023-11-23'),
    (16, 3, 4, 245000, 25, 1, '2023-11-23', '2023-11-23'),

    (17, 2, 3, 230000, 18, 1, '2023-11-23', '2023-11-23'),
    (17, 3, 4, 240000, 23, 1, '2023-11-23', '2023-11-23'),
    (17, 4, 5, 250000, 28, 1, '2023-11-23', '2023-11-23'),

    (18, 3, 4, 235000, 20, 1, '2023-11-23', '2023-11-23'),
    (18, 4, 5, 245000, 25, 1, '2023-11-23', '2023-11-23'),
    (18, 5, 1, 255000, 30, 1, '2023-11-23', '2023-11-23'),

    (19, 1, 2, 240000, 22, 1, '2023-11-23', '2023-11-23'),
    (19, 2, 3, 250000, 27, 1, '2023-11-23', '2023-11-23'),
    (19, 3, 4, 260000, 32, 1, '2023-11-23', '2023-11-23'),

    (20, 2, 3, 245000, 24, 1, '2023-11-23', '2023-11-23'),
    (20, 3, 4, 255000, 29, 1, '2023-11-23', '2023-11-23'),
    (20, 4, 5, 265000, 34, 1, '2023-11-23', '2023-11-23');
;

INSERT INTO anh_san_pham (anh_url, id_spct, trang_thai, ngay_tao, ngay_sua)
VALUES
    -- Sản phẩm chi tiết 1-10 (mỗi spct 2 ảnh)
    ('ao1.png', 1, 1, '2023-11-23', '2023-11-23'),
    ('ao2.png', 1, 1, '2023-11-23', '2023-11-23'),

    ('ao2.png', 2, 1, '2023-11-23', '2023-11-23'),
    ('ao3.png', 2, 1, '2023-11-23', '2023-11-23'),

    ('ao3.png', 3, 1, '2023-11-23', '2023-11-23'),
    ('ao4.png', 3, 1, '2023-11-23', '2023-11-23'),

    ('ao4.png', 4, 1, '2023-11-23', '2023-11-23'),
    ('ao5.png', 4, 1, '2023-11-23', '2023-11-23'),

    ('ao5.png', 5, 1, '2023-11-23', '2023-11-23'),
    ('ao6.png', 5, 1, '2023-11-23', '2023-11-23'),

    ('ao6.png', 6, 1, '2023-11-23', '2023-11-23'),
    ('ao7.png', 6, 1, '2023-11-23', '2023-11-23'),

    ('ao7.png', 7, 1, '2023-11-23', '2023-11-23'),
    ('ao8.png', 7, 1, '2023-11-23', '2023-11-23'),

    ('ao8.png', 8, 1, '2023-11-23', '2023-11-23'),
    ('ao9.png', 8, 1, '2023-11-23', '2023-11-23'),

    ('ao9.png', 9, 1, '2023-11-23', '2023-11-23'),
    ('ao10.png', 9, 1, '2023-11-23', '2023-11-23'),

    ('ao10.png', 10, 1, '2023-11-23', '2023-11-23'),
    ('ao11.png', 10, 1, '2023-11-23', '2023-11-23'),

    -- Sản phẩm chi tiết 11-20 (mỗi spct 2 ảnh)
    ('ao11.png', 11, 1, '2023-11-23', '2023-11-23'),
    ('ao12.png', 11, 1, '2023-11-23', '2023-11-23'),

    ('ao12.png', 12, 1, '2023-11-23', '2023-11-23'),
    ('ao13.png', 12, 1, '2023-11-23', '2023-11-23'),

    ('ao13.png', 13, 1, '2023-11-23', '2023-11-23'),
    ('ao14.png', 13, 1, '2023-11-23', '2023-11-23'),

    ('ao14.png', 14, 1, '2023-11-23', '2023-11-23'),
    ('ao15.png', 14, 1, '2023-11-23', '2023-11-23'),

    ('ao15.png', 15, 1, '2023-11-23', '2023-11-23'),
    ('ao16.png', 15, 1, '2023-11-23', '2023-11-23'),

    ('ao16.png', 16, 1, '2023-11-23', '2023-11-23'),
    ('ao17.png', 16, 1, '2023-11-23', '2023-11-23'),

    ('ao17.png', 17, 1, '2023-11-23', '2023-11-23'),
    ('ao18.png', 17, 1, '2023-11-23', '2023-11-23'),

    ('ao18.png', 18, 1, '2023-11-23', '2023-11-23'),
    ('ao19.png', 18, 1, '2023-11-23', '2023-11-23'),

    ('ao19.png', 19, 1, '2023-11-23', '2023-11-23'),
    ('ao20.png', 19, 1, '2023-11-23', '2023-11-23'),

    ('ao20.png', 20, 1, '2023-11-23', '2023-11-23'),
    ('ao21.png', 20, 1, '2023-11-23', '2023-11-23'),

    -- Tiếp tục từ 21-60 (mỗi spct 2 ảnh)
    ('ao21.png', 21, 1, '2023-11-23', '2023-11-23'),
    ('ao22.png', 21, 1, '2023-11-23', '2023-11-23'),

    ('ao22.png', 22, 1, '2023-11-23', '2023-11-23'),
    ('ao23.png', 22, 1, '2023-11-23', '2023-11-23'),

    ('ao23.png', 23, 1, '2023-11-23', '2023-11-23'),
    ('ao24.png', 23, 1, '2023-11-23', '2023-11-23'),

    ('ao24.png', 24, 1, '2023-11-23', '2023-11-23'),
    ('ao25.png', 24, 1, '2023-11-23', '2023-11-23'),

    ('ao25.png', 25, 1, '2023-11-23', '2023-11-23'),
    ('ao26.png', 25, 1, '2023-11-23', '2023-11-23'),

    ('ao26.png', 26, 1, '2023-11-23', '2023-11-23'),
    ('ao27.png', 26, 1, '2023-11-23', '2023-11-23'),

    ('ao27.png', 27, 1, '2023-11-23', '2023-11-23'),
    ('ao28.png', 27, 1, '2023-11-23', '2023-11-23'),

    ('ao28.png', 28, 1, '2023-11-23', '2023-11-23'),
    ('ao29.png', 28, 1, '2023-11-23', '2023-11-23'),

    ('ao29.png', 29, 1, '2023-11-23', '2023-11-23'),
    ('ao30.png', 29, 1, '2023-11-23', '2023-11-23'),

    ('ao30.png', 30, 1, '2023-11-23', '2023-11-23'),
    ('ao1.png', 30, 1, '2023-11-23', '2023-11-23'),

    ('ao1.png', 31, 1, '2023-11-23', '2023-11-23'),
    ('ao2.png', 31, 1, '2023-11-23', '2023-11-23'),

    ('ao2.png', 32, 1, '2023-11-23', '2023-11-23'),
    ('ao3.png', 32, 1, '2023-11-23', '2023-11-23'),

    ('ao3.png', 33, 1, '2023-11-23', '2023-11-23'),
    ('ao4.png', 33, 1, '2023-11-23', '2023-11-23'),

    ('ao4.png', 34, 1, '2023-11-23', '2023-11-23'),
    ('ao5.png', 34, 1, '2023-11-23', '2023-11-23'),

    ('ao5.png', 35, 1, '2023-11-23', '2023-11-23'),
    ('ao6.png', 35, 1, '2023-11-23', '2023-11-23'),

    ('ao6.png', 36, 1, '2023-11-23', '2023-11-23'),
    ('ao7.png', 36, 1, '2023-11-23', '2023-11-23'),

    ('ao7.png', 37, 1, '2023-11-23', '2023-11-23'),
    ('ao8.png', 37, 1, '2023-11-23', '2023-11-23'),

    ('ao8.png', 38, 1, '2023-11-23', '2023-11-23'),
    ('ao9.png', 38, 1, '2023-11-23', '2023-11-23'),

    ('ao9.png', 39, 1, '2023-11-23', '2023-11-23'),
    ('ao10.png', 39, 1, '2023-11-23', '2023-11-23'),

    ('ao10.png', 40, 1, '2023-11-23', '2023-11-23'),
    ('ao11.png', 40, 1, '2023-11-23', '2023-11-23'),

    ('ao11.png', 41, 1, '2023-11-23', '2023-11-23'),
    ('ao12.png', 41, 1, '2023-11-23', '2023-11-23'),

    ('ao2.png', 42, 1, '2023-11-23', '2023-11-23'),
    ('ao13.png', 42, 1, '2023-11-23', '2023-11-23'),

    ('ao13.png', 43, 1, '2023-11-23', '2023-11-23'),
    ('ao14.png', 43, 1, '2023-11-23', '2023-11-23'),

    ('ao14.png', 44, 1, '2023-11-23', '2023-11-23'),
    ('ao15.png', 44, 1, '2023-11-23', '2023-11-23'),

    ('ao15.png', 45, 1, '2023-11-23', '2023-11-23'),
    ('ao16.png', 45, 1, '2023-11-23', '2023-11-23'),

    ('ao16.png', 46, 1, '2023-11-23', '2023-11-23'),
    ('ao17.png', 46, 1, '2023-11-23', '2023-11-23'),

    ('ao17.png', 47, 1, '2023-11-23', '2023-11-23'),
    ('ao18.png', 47, 1, '2023-11-23', '2023-11-23'),

    ('ao18.png', 48, 1, '2023-11-23', '2023-11-23'),
    ('ao19.png', 48, 1, '2023-11-23', '2023-11-23'),

    ('ao19.png', 49, 1, '2023-11-23', '2023-11-23'),
    ('ao20.png', 49, 1, '2023-11-23', '2023-11-23'),

    ('ao20.png', 50, 1, '2023-11-23', '2023-11-23'),
    ('ao21.png', 50, 1, '2023-11-23', '2023-11-23'),

    ('ao21.png', 51, 1, '2023-11-23', '2023-11-23'),
    ('ao22.png', 51, 1 , '2023-11-23', '2023-11-23'),

    ('ao22.png', 52, 1, '2023-11-23', '2023-11-23'),
    ('ao23.png', 52, 1, '2023-11-23', '2023-11-23'),

    ('ao23.png', 53, 1, '2023-11-23', '2023-11-23'),
    ('ao24.png', 53, 1, '2023-11-23', '2023-11-23'),

    ('ao24.png', 54, 1, '2023-11-23', '2023-11-23'),
    ('ao25.png', 54, 1, '2023-11-23', '2023-11-23'),

    ('ao25.png', 55, 1, '2023-11-23', '2023-11-23'),
    ('ao26.png', 55, 1, '2023-11-23', '2023-11-23'),

    ('ao26.png', 56, 1, '2023-11-23', '2023-11-23'),
    ('ao27.png', 56, 1, '2023-11-23', '2023-11-23'),

    ('ao27.png', 57, 1, '2023-11-23', '2023-11-23'),
    ('ao28.png', 57, 1, '2023-11-23', '2023-11-23'),

    ('ao28.png', 58, 1, '2023-11-23', '2023-11-23'),
    ('ao29.png', 58, 1, '2023-11-23', '2023-11-23'),

    ('ao29.png', 59, 1, '2023-11-23', '2023-11-23'),
    ('ao30.png', 59, 1, '2023-11-23', '2023-11-23'),

    ('ao30.png', 60, 1, '2023-11-23', '2023-11-23'),
    ('ao1.png', 60, 1, '2023-11-23', '2023-11-23');

-- Insert into phieu_giam_gia (Discount Voucher)
INSERT INTO phieu_giam_gia (ma, ten_phieu_giam_gia, so_luong, dieu_kien, kieu_giam_gia, ngay_bat_dau, ngay_ket_thuc, gia_tri_giam, gia_tri_max, trang_thai, ngay_tao, ngay_sua)
VALUES
    ('DISCOUNT10', N'Giảm 10%', 100, 500000, 1, '2023-11-01', '2023-12-01', 50000, 100000, 1, '2023-11-23', '2023-11-23'),
    ('DISCOUNT20', N'Giảm 20%', 50, 1000000, 1, '2023-11-01', '2023-12-01', 100000, 200000, 1, '2023-11-23', '2023-11-23'),
    ('FREESHIP', N'Miễn phí vận chuyển', 200, 0, 2, '2023-11-01', '2023-12-01', 0, 50000, 1, '2023-11-23', '2023-11-23'),
    ('SALE50', N'Giảm 50%', 30, 2000000, 1, '2023-11-01', '2023-12-01', 100000, 300000, 1, '2023-11-23', '2023-11-23'),
    ('NEWYEAR2024', N'Giảm đầu năm 2024', 150, 300000, 1, '2024-01-01', '2024-01-31', 20000, 100000, 1, '2023-11-23', '2023-11-23');

-- Insert into phuong_thuc_thanh_toan (Payment Methods)
INSERT INTO phuong_thuc_thanh_toan (phuong_thuc_thanh_toan, trang_thai, ngay_tao, ngay_sua)
VALUES
    (N'Thẻ tín dụng', 1, '2023-11-23', '2023-11-23'),
    (N'Thanh toán khi nhận hàng', 1, '2023-11-23', '2023-11-23'),
    (N'Ví điện tử', 1, '2023-11-23', '2023-11-23'),
    (N'Thẻ ghi nợ', 1, '2023-11-23', '2023-11-23'),
    (N'Chuyển khoản ngân hàng', 1, '2023-11-23', '2023-11-23');

-- Insert into vai_tro (Roles)
INSERT INTO vai_tro (ten_vai_tro, trang_thai, ngay_tao, ngay_sua)
VALUES
    (N'Quản lý', 1, '2023-11-23', '2023-11-23'),
    (N'Nhân viên', 1, '2023-11-23', '2023-11-23'),
    (N'Khách hàng', 1, '2023-11-23', '2023-11-23');

-- Insert into tai_khoan (Accounts)
INSERT INTO tai_khoan (ten_dang_nhap, mat_khau, trang_thai, ngay_tao, ngay_sua)
VALUES
    ('admin', 'admin123', 2, '2023-11-23', '2023-11-23'),
    ('quangthien', 'thien123', 1, '2023-11-23', '2023-11-23'),
    ('ducmanh', 'manh123', 1, '2023-11-23', '2023-11-23'),
    ('thuhong', 'hong123', 1, '2023-11-23', '2023-11-23'),
    ('tuanphong', 'phong123', 1, '2023-11-23', '2023-11-23');
('xuandao', 'dao123', 1, '2023-11-23', '2023-11-23');

-- Insert into khach_hang (Customers)
INSERT INTO khach_hang (ten, ngay_sinh, gioi_tinh, sdt, email, anh_url, id_tai_khoan, trang_thai, ngay_tao, ngay_sua)
VALUES
    (N'Trần Văn Anh', '1990-01-01', 1, '0901234567', 'a@gmail.com', 'a.png', 4, 1, '2023-11-23', '2023-11-23'),
    (N'Nguyễn Thị My', '1992-05-05', 0, '0902345678', 'b@gmail.com', 'b.png', 5, 1, '2023-11-23', '2023-11-23'),
    (N'Lê Văn Công', '1988-08-08', 1, '0903456789', 'c@gmail.com', 'c.png', 4, 1, '2023-11-23', '2023-11-23'),
    (N'Phạm Thị Duyên', '1995-10-10', 0, '0904567890', 'd@gmail.com', 'd.png', 5, 1, '2023-11-23', '2023-11-23'),
    (N'Hoàng Văn Khánh', '1993-12-12', 1, '0905678901', 'e@gmail.com', 'e.png', 4, 1, '2023-11-23', '2023-11-23');

-- Insert into nhan_vien (Employees)
INSERT INTO nhan_vien (ten, ngay_sinh, gioi_tinh, sdt, email, anh_url, id_tai_khoan, id_vai_tro, trang_thai, ngay_tao, ngay_sua)
VALUES
    (N'Nguyễn Văn Phong', '1985-03-03', 1, '0906789012', 'f@gmail.com', 'f.png', 1, 1, 1, '2023-11-23', '2023-11-23'),
    (N'Trần Thị Giang', '1990-10-10', 0, '0907890123', 'g@gmail.com', 'g.png', 2, 2, 1, '2023-11-23', '2023-11-23'),
    (N'Phan Văn Huy', '1992-07-07', 1, '0908901234', 'h@gmail.com', 'h.png', 3, 1, 1, '2023-11-23', '2023-11-23'),
    (N'Bùi Thị Trinh', '1988-05-05', 0, '0909012345', 'i@gmail.com', 'i.png', 4, 2, 1, '2023-11-23', '2023-11-23'),
    (N'Tran Văn Long', '1995-12-12', 1, '0910123456', 'j@gmail.com', 'j.png', 5, 1, 1, '2023-11-23', '2023-11-23');
INSERT INTO dia_chi (id_khach_hang, xa, huyen, thanh_pho, dia_chi_chi_tiet, ngay_tao, ngay_sua)
VALUES
    (1, N'Xã Long Hưng', N'Quận 1', N'Hải Phòng', N'Số 702 đường Phan Văn Trị', GETDATE(), GETDATE()),
    (2, N'Phường 1', N'Huyện Củ Chi', N'Đà Nẵng', N'Số 509 đường Phan Văn Trị', GETDATE(), GETDATE()),
    (3, N'Xã Phú Mỹ', N'Quận 2', N'Hà Nội', N'Số 378 đường Trường Chinh', GETDATE(), GETDATE()),
    (4, N'Phường 2', N'Huyện Củ Chi', N'Đà Nẵng', N'Số 817 đường Lê Lợi', GETDATE(), GETDATE()),
    (5, N'Phường 3', N'Quận 2', N'Cần Thơ', N'Số 581 đường Trường Chinh', GETDATE(), GETDATE());

INSERT INTO hoa_don (id_khach_hang, ten_nguoi_nhan, sdt, email_nguoi_nhan, id_dia_chi, id_phieu_giam_gia, id_thanh_toan, tong_tien, ghi_chu, id_nguoi_tao, trang_thai, ngay_tao, ngay_sua)
VALUES
    (1, N'Nguyen Van Anh', '0123456789', 'nguyenvana@example.com', 1, 1, 1, 1500.00, N'Ghi chú 1', 1, 1, GETDATE(), GETDATE()),
    (2, N'Tran Thi My', '0987654321', 'tranthib@example.com', 2, 2, 2, 2000.00, N'Ghi chú 2', 2, 2, GETDATE(), GETDATE()),
    (3, N'Le Van Công', '0234567890', 'levanc@example.com', 3, 3, 3, 1200.00, N'Ghi chú 3', 1, 1, GETDATE(), GETDATE()),
    (4, N'Pham Van Huy', '0345678901', 'phamvand@example.com', 4, 1, 2, 1800.00, N'Ghi chú 4', 2, 2, GETDATE(), GETDATE()),
    (5, N'Dang Thi Hồng', '0456789012', 'dangthie@example.com', 5, 2, 3, 2200.00, N'Ghi chú 5', 1, 1, GETDATE(), GETDATE());

INSERT INTO hoa_don_chi_tiet (id_hoa_don, id_san_pham_chi_tiet, so_luong, gia, ngay_tao, ngay_sua)
VALUES
    (1, 1, 2, 500.00, GETDATE(), GETDATE()),
    (1, 2, 1, 1000.00, GETDATE(), GETDATE()),
    (2, 3, 3, 600.00, GETDATE(), GETDATE()),
    (2, 4, 2, 700.00, GETDATE(), GETDATE()),
    (3, 1, 1, 1200.00, GETDATE(), GETDATE()),
    (3, 3, 2, 400.00, GETDATE(), GETDATE()),
    (4, 5, 4, 450.00, GETDATE(), GETDATE()),
    (5, 2, 2, 1100.00, GETDATE(), GETDATE());

-- Insert into gio_hang
INSERT INTO gio_hang (id_khach_hang, ngay_tao, ngay_sua)
VALUES (1, GETDATE(), GETDATE()),
       (2, GETDATE(), GETDATE()),
       (3, GETDATE(), GETDATE()),
       (4, GETDATE(), GETDATE()),
       (5, GETDATE(), GETDATE());

-- Insert into san_pham_gio_hang
INSERT INTO san_pham_gio_hang (id_gio_hang, id_spct, so_luong, ngay_tao, ngay_sua, trang_thai)
VALUES (1, 1, 3, GETDATE(), GETDATE(), 1), -- Giỏ hàng 1, Sản phẩm 1, Số lượng 3
       (1, 2, 1, GETDATE(), GETDATE(), 1), -- Giỏ hàng 1, Sản phẩm 2, Số lượng 1
       (2, 3, 2, GETDATE(), GETDATE(), 1), -- Giỏ hàng 2, Sản phẩm 3, Số lượng 2
       (3, 1, 5, GETDATE(), GETDATE(), 1), -- Giỏ hàng 3, Sản phẩm 1, Số lượng 5
       (4, 4, 1, GETDATE(), GETDATE(), 1); -- Giỏ hàng 4, Sản phẩm 4, Số lượng 1

-- Insert into lich_sua_hoa_don
INSERT INTO lich_sua_hoa_don (id_hoa_don, tieu_de, trang_thai, ngay_tao, ngay_sua)
VALUES (1, N'Cập nhật địa chỉ giao hàng', 1, GETDATE(), GETDATE()),  -- Hoá đơn 1, trạng thái 1
       (1, N'Xác nhận thanh toán', 2, GETDATE(), GETDATE()),         -- Hoá đơn 1, trạng thái 2
       (2, N'Giao hàng thành công', 3, GETDATE(), GETDATE()),        -- Hoá đơn 2, trạng thái 3
       (3, N'Huỷ đơn hàng', 4, GETDATE(), GETDATE()),                -- Hoá đơn 3, trạng thái 4
       (4, N'Đang xử lý', 1, GETDATE(), GETDATE());                  -- Hoá đơn 4, trạng thái 1





